"id","standard","category","clause","page","question"
"GB01","GB 50086-2015","numeric","6.1.2","47","根据GB 50086-2015，喷射混凝土的一般最低设计强度等级是多少？用于大型洞室及特殊条件工程支护时又不宜低于多少？"
"GB02","GB 50086-2015","numeric","6.1.3","47","根据GB 50086-2015，喷射混凝土的最小设计厚度不得小于多少？"
"GB03","GB 50086-2015","multi_condition","6.3.13","51","根据GB 50086-2015，钢架喷射混凝土支护中钢架间距和钢架间纵向连接有何要求？"
"GB04","GB 50086-2015","table","6.3.13","51","根据GB 50086-2015，钢架立柱埋入地坪下的深度及覆盖钢架的喷射混凝土保护层厚度分别不得小于多少？"
"GB05","GB 50086-2015","table","6.3.14","51","根据GB 50086-2015，喷射混凝土用于边坡工程时，伸缩缝宽度和最大间距宜分别取多少？"
"GB06","GB 50086-2015","multi_condition","4.6.2","32","根据GB 50086-2015，锚杆锚固段最小间距是多少？确需小于该值时，相邻锚杆倾角应如何调整？"
"GB07","GB 50086-2015","numeric","4.6.3","32","根据GB 50086-2015，锚杆与相邻基础或地下设施之间的距离应满足什么要求？"
"GB08","GB 50086-2015","multi_condition","4.6.5","32","根据GB 50086-2015，锚杆锚固段上覆土层厚度及锚杆倾角范围有何规定？"
"GB09","GB 50086-2015","multi_condition","6.4.15","55","根据GB 50086-2015，喷射混凝土喷水养护应何时开始、至少持续多久，何种气温下不得喷水养护？"
"GB10","GB 50086-2015","table","6.3.4","49","根据GB 50086-2015，喷射混凝土的体积密度可取什么范围？"
"D01","JTG 3370.1-2018","multi_condition","3.6.1","18","根据JTG 3370.1-2018，隧道围岩级别综合评判采用哪两个分级步骤？"
"D02","JTG 3370.1-2018","formula","3.6.2","18","根据JTG 3370.1-2018，岩质围岩基本质量指标BQ的计算公式是什么？"
"D03","JTG 3370.1-2018","formula","3.6.2","18","根据JTG 3370.1-2018，计算BQ时对Rc和Kv规定了哪两个限制条件？"
"D04","JTG 3370.1-2018","formula","3.6.3","18-19","根据JTG 3370.1-2018，岩体修正质量指标［BQ］如何计算？K1、K2、K3分别代表什么？"
"D05","JTG 3370.1-2018","table","表3.6.4","19","根据JTG 3370.1-2018表3.6.4，Ⅱ级围岩对应的BQ或［BQ］范围是多少？"
"D06","JTG 3370.1-2018","table","表3.6.4","19","根据JTG 3370.1-2018表3.6.4，Ⅳ级岩质围岩对应的BQ或［BQ］范围是多少？"
"D07","JTG 3370.1-2018","table","表3.6.4","19","根据JTG 3370.1-2018表3.6.4，Ⅴ级岩质围岩的BQ或［BQ］上限及典型定性特征是什么？"
"D08","JTG 3370.1-2018","multi_condition","8.2.4","47","根据JTG 3370.1-2018，永久支护锚杆应采用何种锚固形式？端头锚固型作为永久支护时有何附加要求？"
"D09","JTG 3370.1-2018","multi_condition","8.2.4","47","根据JTG 3370.1-2018，软岩或变形较大围岩采用预应力锚杆时，预加力和锚固端分别有何要求？"
"D10","JTG 3370.1-2018","multi_condition","8.2.7","48","根据JTG 3370.1-2018，钢架间距、连续使用数量以及钢筋横向连接的直径和间距分别有什么要求？"
"C01","JTG-T 3660-2020","direct","3.0.1","14","根据JTG/T 3660-2020，隧道施工动态管理应依据哪两类信息实施？"
"C02","JTG-T 3660-2020","multi_condition","7.1.1-7.1.2","44","根据JTG/T 3660-2020，选择开挖方法应考虑哪些主要因素？开挖前还应进行什么核实和调整？"
"C03","JTG-T 3660-2020","multi_condition","7.1.3-7.1.4","44","根据JTG/T 3660-2020，对可能失稳、坍塌或涌水地段，开挖前后分别应采取什么措施？"
"C04","JTG-T 3660-2020","numeric","7.2.3","46","根据JTG/T 3660-2020，台阶法的台阶开挖高度宜为多少，台阶数量最多为几个？"
"C05","JTG-T 3660-2020","table","7.2.3","46-47","根据JTG/T 3660-2020，台阶法上台阶在Ⅲ、Ⅳ、Ⅴ级围岩中的每循环进尺上限分别是多少？Ⅳ、Ⅴ级下台阶每循环进尺上限是多少？"
"C06","JTG-T 3660-2020","multi_condition","7.2.3","47","根据JTG/T 3660-2020，台阶法下台阶单侧拉槽长度、左右侧开挖错开距离及同一榀钢架悬空有何要求？"
"C07","JTG-T 3660-2020","table","表18.6.3","205-206","根据JTG/T 3660-2020表18.6.3，围岩位移管理的Ⅲ、Ⅱ、Ⅰ级判据及对应施工状态分别是什么？"
"C08","JTG-T 3660-2020","multi_condition","19.1.2","209","根据JTG/T 3660-2020，隧道超前地质预报要求采用哪些相结合并相互验证的综合方法？"
"C09","JTG-T 3660-2020","direct","19.1.4","209-210","根据JTG/T 3660-2020，隧道超前地质预报应包括哪四类主要内容？"
"C10","JTG-T 3660-2020","multi_condition","19.3.5","215-216","根据JTG/T 3660-2020，高分辨直流电法的发射电极数量、干扰控制、有效探测距离和连续探测重叠长度分别有何要求？"
"HGB001","GB 50086-2015","direct","7.3.5","192","根据GB 50086-2015，锚喷支护监控量测设计应包含哪些主要内容？"
"HGB002","GB 50086-2015","direct","4.2.5","165","根据GB 50086-2015，为满足城市建筑群密集地区锚杆芯体可拆除的要求，结合北京、深圳和台湾地区的实践经验，推荐采用哪类锚杆作为可拆芯式锚杆？"
"HGB003","GB 50086-2015","direct","6.4.11","185","根据GB 50086-2015，喷射混凝土前应对受喷面进行何种预处理？喷嘴与受喷面的垂直距离应控制在多少范围内？喷射顺序应如何安排以避免回弹物混入新喷层？"
"HGB004","GB 50086-2015","direct","4.5.3","167","根据GB 50086-2015，为确保岩土锚固工程的长期稳定性，对哪些类型的锚杆的防腐保护构造设计作出了严格规定？"
"HGB005","GB 50086-2015","numeric","11.2.3","112","根据GB 50086-2015，预应力抗浮锚杆的自由杆体长度不应小于多少？同时其锚杆间距有何限制要求？"
"HGB006","GB 50086-2015","direct","9.4.1","216","根据GB 50086-2015，土钉及复合土钉支护施工中，为维持土体强度并减小边坡位移，对开挖与土钉施作的时序关系有何强制性规定？"
"HGB007","GB 50086-2015","direct","3.3.1","21","根据GB 50086-2015，工程地质与水文地质勘察应完成哪些核心任务？"
"HGB008","GB 50086-2015","direct","9.3.21","102","根据GB 50086-2015，土钉杆体与配筋喷射混凝土面层的连接方式中，哪些方法被明确禁止？对于重要工程或支护面层承受较大侧压的情形，应采用何种连接方式？"
"HGB009","GB 50086-2015","table","5.3.2","43","根据GB 50086-2015，涨壳式中空注浆锚杆适用于哪些地层条件与工程场景？其单锚承载力和最大长度有何限制？"
"HGB010","GB 50086-2015","formula","9.2.4","94","根据GB 50086-2015，支护结构设计计算采用荷载基本组合时，其内力设计值Sd应如何由内力标准值Sk确定？请说明公式及各符号含义。"
"HGB011","GB 50086-2015","table","6.3","49","根据GB 50086-2015，喷射混凝土C30强度等级对应的轴心抗压强度设计值和轴心抗拉强度设计值各是多少？"
"HGB012","GB 50086-2015","direct","7.3.15","195","根据GB 50086-2015，对于锚喷支护条件下围岩整体稳定性验算，为何不宜仅按弹性理论进行计算？"
"HGB013","GB 50086-2015","numeric","10.3.1","110","根据GB 50086-2015《岩土锚杆与喷射混凝土支护工程技术规范》，基础与混凝土坝预应力锚杆施工中，锚杆孔偏斜值的最大允许限值是多少？"
"HGB014","GB 50086-2015","direct","8.2.9","207","根据GB 50086-2015，为确保锚固力均匀作用于边坡坡体并防止传力结构破损及地层明显变形，对传力结构与坡面结合处应采取何种措施？"
"HGB015","GB 50086-2015","direct","8.4.5","208","根据GB 50086-2015，岩石边坡开挖采用预裂爆破、光面爆破等控制爆破方法可带来哪些工程效益？"
"HGB016","GB 50086-2015","numeric","10.2","218","根据GB 50086-2015规范，在阿尔及利亚舍尔法重力坝加高工程中，所采用的预应力锚杆承载力为多少？"
"HGB017","GB 50086-2015","direct","12.1.9","226","根据GB 50086-2015，荷载分散型锚杆基本试验推荐采用何种加荷方式？当某一个单元锚杆首先出现破坏时，其极限承载力应如何确定？"
"HGB018","GB 50086-2015","formula","11.2.1","111","根据GB 50086-2015，地下水浮力标准值Ff应如何计算？请写出其计算公式及各符号含义。"
"HGB019","GB 50086-2015","direct","9.2.1","209","根据GB 50086-2015，锚拉桩（墙）结构的设计计算应包含哪些主要内容？嵌固深度通常采用哪两类经典理论公式进行计算？"
"HGB020","GB 50086-2015","direct","9.1.6","209","依据GB 50086-2015，当缺乏当地经验值时，确定变形允许值应依据哪两类原则？请说明具体依据内容。"
"HGB021","GB 50086-2015","direct","7.4.6","77","根据GB 50086-2015，对于开挖后出现持续变形且变形量大的塑性流变岩体中的隧洞，其断面形状宜采用何种形式？设计断面尺寸应如何考虑围岩变形影响？"
"HGB022","GB 50086-2015","numeric","4.6.1","32","根据GB 50086-2015，锚杆锚固段的最小间距应为多少？当实际需要的锚杆间距小于该值时，应采取何种构造措施？"
"HGB023","GB 50086-2015","direct","5.3.4","44","根据GB 50086-2015，纤维增强塑料锚杆适用于哪些特定要求的地层加固工程？"
"HGB024","GB 50086-2015","multi_condition","6.5.2","57","根据GB 50086-2015，喷射混凝土厚度采用钻孔法检查时，其合格条件应满足哪些具体要求？"
"HGB025","GB 50086-2015","numeric","5.2.5","42","根据GB 50086-2015，缝管锚杆所用钢管的外径应比钻孔直径大多少？"
"HGB026","GB 50086-2015","direct","7.3.1","67","依据GB 50086-2015，锚喷支护工程采用类比法进行初步设计时，应依据哪些表格来初步选定锚喷支护类型和参数？"
"HGB027","GB 50086-2015","multi_condition","7.3.9","73","根据GB 50086-2015，对于需采用分期支护的隧洞洞室工程，后期支护实施前，隧洞位移应同时满足哪些速度控制标准？"
"HGB028","GB 50086-2015","direct","4.2","24","根据GB 50086-2015《岩土锚杆与喷射混凝土支护工程技术规范》，拉力型锚杆应由哪几部分组成？"
"HGB029","GB 50086-2015","direct","9.1.4","92","根据GB 50086-2015，当设计锚杆超出用地红线时应如何处理？当地下环境不允许残留锚杆杆体时，应采用何种类型锚杆？"
"HGB030","GB 50086-2015","numeric","4.7.13","178","根据GB 50086-2015，锚杆锁定后预应力变化一般不应超过锚杆拉力设计值的多少？若超出该限值应采取何种措施？"
"HGB031","GB 50086-2015","direct","13.6.4","123","依据GB 50086-2015，当锚杆防腐保护体系存在缺陷或失效时，应如何处理？"
"HGB032","GB 50086-2015","direct","8.1.3","85","根据GB 50086-2015，边坡锚固工程应采用何种设计方法？当开挖过程中发现不良地质或变形异常时，应对原设计采取什么措施？"
"HGB033","GB 50086-2015","direct","10.1.3","106","根据GB 50086-2015，对于设置在承载力低的地基上且承受切向力的基础，是否允许直接施作预应力锚杆？若不允许，应采取何种替代措施？"
"HGB034","GB 50086-2015","multi_condition","7.4.15","201","根据GB 50086-2015，受采动影响巷道在不同服务年限与围岩风化条件下应如何选择支护形式？请说明服务年限2年以内且围岩受风化影响小、围岩受风化影响严重或服务时间长、以及服务时间长且围岩变形大等三种情形对应的支护要求。"
"HGB035","GB 50086-2015","direct","4.4.3","165","根据GB 50086-2015，用作锚杆筋体材料的钢绞线具有哪些特点及优势？"
"HGB036","GB 50086-2015","direct","9.1.2","92","根据GB 50086-2015，基坑锚固工程设计应综合考虑哪些因素，并需满足哪些基本要求？"
"HGB037","GB 50086-2015","numeric","4.4.10","166","根据GB 50086-2015，水泥浆中氧化物、硫酸盐、硝酸盐总量不得超过外加剂重量的多少？该限值适用时还需满足哪些试验与性能要求？"
"HGB038","GB 50086-2015","numeric","12.1.7","114","根据GB 50086-2015，进行锚杆基本试验时，其地层条件、锚杆杆体和参数、施工工艺应与工程锚杆保持一致，且试验数量最少应为多少根？"
"HGB039","GB 50086-2015","direct","4.1.4","23","根据GB 50086-2015《岩土锚杆与喷射混凝土支护工程技术规范》，永久性锚杆的锚固段不得设置在哪类土层中？"
"HGB040","GB 50086-2015","numeric","6.3.15","51","根据GB 50086-2015《岩土锚杆与喷射混凝土支护工程技术规范》，混合料配合比设计中，胶凝材料总量和水泥用量的最低限值分别是多少？"
"HGB041","GB 50086-2015","direct","12.1.14","115","根据GB 50086-2015，哪些地质条件下的锚杆应进行蠕变试验？"
"HGB042","GB 50086-2015","direct","7.1.1","59","根据GB 50086-2015，隧道与地下工程锚杆喷射混凝土（锚喷）支护的设计应采用何种设计方法？对于大跨度、高边墙的隧道洞室，还应采取什么措施进行复核？"
"HGB043","GB 50086-2015","direct","11.3.2","113","根据GB 50086-2015，在降水条件下进行锚杆施工时，对抽水作业与锚杆张拉锁定完成之间的关系有何强制性要求？"
"HGB044","GB 50086-2015","table","13.3","122","根据GB 50086-2015，当一个独立工程中永久性锚杆总量为200根时，预应力锚杆拉力的监测数量应为多少根？"
"HGB045","GB 50086-2015","multi_condition","9.3.2","98","根据GB 50086-2015，非软土地层中基坑采用土钉墙支护时，对基坑深度及周边环境变形控制要求应满足什么条件？"
"HGB046","GB 50086-2015","numeric","10.3.3","110","根据GB 50086-2015，混凝土坝锚固工程中用于长期监测锚杆拉力值变化的监测锚杆数量应满足什么要求？"
"HGB047","GB 50086-2015","direct","12.2.1","228","根据GB 50086-2015，为检验喷射混凝土支护在开挖早期控制围岩或土体变形的能力，应测定其多少龄期的抗压强度？该强度应符合本规范哪一条款的规定？"
"HGB048","GB 50086-2015","formula","10.1.5","106","根据GB 50086-2015，锚固基础中单根锚杆所承受的拔力标准值应如何计算？请写出其计算公式及各符号含义。"
"HGB049","GB 50086-2015","table","6.4.13","55","根据GB 50086-2015，当采用湿拌法且混合料中掺有速凝剂、环境温度为5℃～30℃时，喷射混凝土混合料从拌制完成到开始喷射的最长允许间隔时间是多少？"
"HGB050","GB 50086-2015","numeric","4.7.11","177","根据GB 50086-2015，可重复高压注浆锚杆进行高压注浆时，要求一次注浆后水泥结石体强度应达到多少？该强度条件对实现高压劈裂注浆有何影响？"
"HGB051","GB 50086-2015","numeric","6.2.4","48","根据GB 50086-2015，掺加正常用量速凝剂的水泥净浆初凝时间与终凝时间分别不应大于多少？"
"HGB052","GB 50086-2015","direct","6.2.1","47","根据GB 50086-2015，岩土锚杆与喷射混凝土支护工程中宜采用哪类水泥？其质量应符合哪个国家标准的规定？特殊要求时可选用何种水泥？"
"HGB053","GB 50086-2015","direct","4.3","165","根据GB 50086-2015规范，预应力锚杆类型的选择依据是什么？"
"HGB054","GB 50086-2015","direct","0.01","69","根据GB 50086-2015规范，杆锚布置时对预应力锚杆的锚固力设置有何基本要求？请说明其与L的关系及必要性。"
"HGB055","GB 50086-2015","table","13.5.1","123","根据GB 50086-2015，岩土锚固与喷射混凝土支护工程安全控制的预警值中，锚杆腐蚀引起的锚杆杆体截面减小率的预警阈值是多少？"
"HGB056","GB 50086-2015","table","4.6.11","35","根据GB 50086-2015，当锚固工程安全等级为I、破坏后果为危害大且会构成公共安全问题时，临时锚杆的锚固段注浆体与地层间的粘结抗拔安全系数应取何值？"
"HGB057","GB 50086-2015","numeric","7.3.20","75","根据GB 50086-2015，用于抵抗拱腰以下局部不稳定块体的预应力锚杆，其自由段穿过滑移面的最小长度应为多少？"
"HD001","JTG 3370.1-2018","direct","9.2.4","227","依据JTG 3370.1-2018，表9.2.4-1和表9.2.4-2所列隧道衬砌结构强度安全系数的取值依据及调整原则是什么？"
"HD002","JTG 3370.1-2018","direct","11.3.1","240","根据JTG 3370.1-2018，何种情况下可考虑采用连拱隧道？该采用行为被规范如何定性？"
"HD003","JTG 3370.1-2018","direct","9.2.1","57","根据JTG 3370.1-2018，哪些类型的隧道衬砌宜采用荷载结构法进行计算？"
"HD004","JTG 3370.1-2018","direct","10.1.1","233","根据JTG 3370.1-2018，隧道防排水设计中“排”的具体要求及其对衬砌渗漏水概率和路面结构的影响是什么？"
"HD005","JTG 3370.1-2018","table","15.3.9","273","根据JTG 3370.1-2018，当隧道内混凝土路面与沥青路面相接需设置过渡段时，该过渡段中水泥混凝土路面部分的总长度及各分段最小长度应满足什么要求？"
"HD006","JTG 3370.1-2018","direct","16.3.1","276","依据JTG 3370.1-2018，抗震验算中目前主要选取哪些验算目标性能？其具体容许指标应考虑哪些因素确定？"
"HD007","JTG 3370.1-2018","numeric","3.3.2","184","依据JTG 3370.1-2018，可行性研究阶段需收集绘制的地形图比例尺范围是多少？"
"HD008","JTG 3370.1-2018","direct","11.5.3","68","依据JTG 3370.1-2018，与隧道洞口连接的棚洞其建筑限界应如何确定？高速公路上的独立棚洞建筑限界宽度又宜如何取值？"
"HD009","JTG 3370.1-2018","direct","3.4.1","17","依据JTG 3370.1-2018，隧道选址区域气象调查应包含哪些基本要素？其中哪些要素需特别关注其极端值？"
"HD010","JTG 3370.1-2018","direct","8.3.5","221","根据JTG 3370.1-2018，不设仰拱地段开挖边沟时，为保证护基宽度，边沟开挖边界距边墙基础的最小距离应为多少？同时，端墙式洞门施工中，衬砌边墙基础应如何处理以避免受洞门墙基坑开挖影响？"
"HD011","JTG 3370.1-2018","direct","3.1.1","15","依据JTG 3370.1-2018，隧道在不同设计阶段开展资料搜集工作时，应依据哪些因素来确定资料内容与范围？所获取的调查资料需满足什么基本要求？"
"HD012","JTG 3370.1-2018","direct","3.5.3","18","依据JTG 3370.1-2018，隧道工程在环境影响调查中，应针对哪些与生产生活用水及地质稳定性相关的潜在问题开展调查与预测？"
"HD013","JTG 3370.1-2018","direct","12.5.1","252","根据JTG 3370.1-2018，风道不同断面连接时若采用突变形式，为减小风流损失应采取何种构造措施？"
"HD014","JTG 3370.1-2018","direct","11.5.2","244","根据JTG 3370.1-2018，棚洞按上部主体结构横断面几何形状可分为哪几类？其中拱形棚洞的临空一侧构造特征及结构形式要求是什么？"
"HD015","JTG 3370.1-2018","direct","5.2.9","199","依据JTG 3370.1-2018，对于有明显物理流限的热轧钢筋，其强度标准值应如何确定？该标准值需满足何种保证率要求？"
"HD016","JTG 3370.1-2018","direct","11.2.1","239","根据JTG 3370.1-2018，小净距隧道的定义是什么？其设计判断依据及典型采用条件有哪些？"
"HD017","JTG 3370.1-2018","direct","14.1.2","263","依据JTG 3370.1-2018，在特殊地质地段施工过程中，应通过何种手段掌握围岩支护衬砌的受力状态，并据此采取哪些具体行动？"
"HD018","JTG 3370.1-2018","direct","9.2.8","229","根据JTG 3370.1-2018，当隧道开挖后发现实际地质情况与设计所依据的地质资料存在差异时，应如何处理设计参数？"
"HD019","JTG 3370.1-2018","numeric","18.2.1","284","根据JTG 3370.1-2018，隧道内配电洞室的常规尺寸（宽×高×深）及底面相对于检修道或人行道顶面的高度应为多少？"
"HD020","JTG 3370.1-2018","direct","13.3.3","78","根据JTG 3370.1-2018，当围岩自稳性较好但地下水丰富，且地下排放可能对隧道周边地下水和地表水造成较大影响时，针对开挖后围岩暴露的股状水、裂隙水及大面积淋水，应采用何种堵水措施？"
"HD021","JTG 3370.1-2018","table","5.2.3","32","依据JTG 3370.1-2018，C30混凝土的轴心抗压强度设计值、弯曲抗压强度设计值和轴心抗拉强度设计值各是多少（单位：MPa）？"
"HD022","JTG 3370.1-2018","multi_condition","13.2.7","259","依据JTG 3370.1-2018，采用地面砂浆锚杆进行地层加固时，对隧道埋深、锚固砂浆强度要求、横向布置间距及加固宽度的确定方法分别有哪些具体规定？"
"HD023","JTG 3370.1-2018","direct","12.3.5","251","根据JTG 3370.1-2018，采用有轨运输时，井身纵断面为何不宜变坡？若采用凹形曲线或凸形曲线分别会带来哪些具体问题？"
"HD024","JTG 3370.1-2018","direct","12.2.4","249","根据JTG 3370.1-2018，采用复合式衬砌结构的竖井为何不设置防水层？请说明其技术依据。"
"HD025","JTG 3370.1-2018","direct","13.2.2","255","根据JTG 3370.1-2018，超前小导管在隧道拱部开挖轮廓线上的打设角度范围是多少？其外露端应如何支承以形成支撑体系？"
"HD026","JTG 3370.1-2018","direct","4.4.5","193","根据JTG 3370.1-2018，两车道隧道、三车道隧道和四车道隧道在紧急停车带设置方面分别有何规定？"
"HD027","JTG 3370.1-2018","multi_condition","10.5.1","238","根据JTG 3370.1-2018，当隧道所在地区最冷月平均气温与最大冻结深度分别处于什么范围时，应设置中心水沟？在何种条件下需进一步设置防寒泄水洞？"
"HD028","JTG 3370.1-2018","table","5.3.3","38","根据JTG 3370.1-2018，隧道内用橡胶止水带的拉伸强度、扯断伸长率和撕裂强度应分别满足什么技术指标？"
"HD029","JTG 3370.1-2018","direct","17.2.1","279","根据JTG 3370.1-2018，隧道改扩建工程在施工期间通常需维持既有隧道正常交通，为保障结构安全与运行条件，应首先开展哪项工作？"
"HD030","JTG 3370.1-2018","direct","8.2.1","214","根据JTG 3370.1-2018，喷射混凝土强度的基本要求是什么？"
"HD031","JTG 3370.1-2018","numeric","4.3.3","23","依据JTG 3370.1-2018，分离式隧道间净距的推荐取值范围是多少？该取值应如何根据围岩条件进行调整？当两洞跨度不同时，应以哪个跨度作为控制依据？"
"HD032","JTG 3370.1-2018","direct","4.3.6","23","根据JTG 3370.1-2018，隧道洞口内外侧多长范围内的平、纵线形应与隧道线形相协调？在特殊困难地段，若经技术经济比较论证后允许采用缓和曲线，需采取何种补充措施？"
"HD033","JTG 3370.1-2018","table","5.1.2","29","根据《公路隧道设计规范 第一册 土建工程》（JTG 3370.1-2018），隧道衬砌及管沟各部位采用混凝土时，其最低强度等级应满足哪些要求？请列出拱圈、边墙、仰拱、底板、仰拱填充、水沟与电缆槽所对应的混凝土强度等级规定。"
"HD034","JTG 3370.1-2018","direct","8.3.1","219","根据JTG 3370.1-2018，整体式衬砌在何种荷载条件下宜采用变截面形式？设仰拱地段时，仰拱厚度与边墙厚度应满足什么关系？边墙厚度的定义中需扣除哪类设施所占空间？"
"HD035","JTG 3370.1-2018","direct","9.2.11","230","根据JTG 3370.1-2018，偏心影响系数α的物理意义是什么？该系数用于反映何种受力状态对构件极限承载能力的影响程度？"
"HD036","JTG 3370.1-2018","numeric","4.3.5","23","根据《公路隧道设计规范 第一册 土建工程》（JTG 3370.1-2018），一般情况下隧道内纵断面的最小纵坡和最大纵坡分别不应小于和大于多少？对于长度短于100 m的隧道，该限制是否适用？高速公路、一级公路的中、短隧道在特定条件下最大纵坡可否放宽，若可，上限是多少？"
"HD037","JTG 3370.1-2018","direct","13.1.1","253","根据JTG 3370.1-2018，辅助工程措施按功能可分为哪两类？其中，针对自稳性差地段应采取何种措施？该类措施又可细分为哪两种类型？"
"HD038","JTG 3370.1-2018","direct","9.2.2","227","根据JTG 3370.1-2018，采用荷载结构模型进行隧道衬砌设计时，应如何处理围岩对衬砌变形的约束作用？"
"HD039","JTG 3370.1-2018","direct","4.4.3","192","根据JTG 3370.1-2018，公路隧道横断面净空除满足建筑限界外，还需考虑哪些功能空间需求，并对隧道内轮廓线与建筑限界的最小距离有何具体要求？"
"HD040","JTG 3370.1-2018","multi_condition","8.1.1","46","依据JTG 3370.1-2018，高速公路、一级公路和二级公路的隧道应采用何种衬砌形式？对于三级及三级以下公路的隧道，在不同围岩级别和位置条件下，分别可采用哪些衬砌形式？"
"HD041","JTG 3370.1-2018","direct","14.3.1","264","根据JTG 3370.1-2018，岩溶发育需满足哪些基本条件？可溶性岩按成分可分为哪几类？"
"HD042","JTG 3370.1-2018","table","12.1.1","246","根据JTG 3370.1-2018，当辅助通道类型为横通道时，其在运营阶段的主要用途及适用条件是什么？"
"HD043","JTG 3370.1-2018","direct","1.0.5","181","根据JTG 3370.1-2018，隧道主体结构具体包含哪些土建工程组成部分？"
"HD044","JTG 3370.1-2018","direct","14.8.1","268","根据JTG 3370.1-2018，在高地应力区，为减小地应力对隧道的作用，隧道轴线方向应如何布置？同时说明当最大主应力方向垂直洞室断面时衬砌受力特点及高地应力区推荐断面形式及其原因。"
"HD045","JTG 3370.1-2018","direct","14.9.3","269","依据JTG 3370.1-2018，多年冻土隧道洞口设计应以哪些措施为重点？边仰坡开挖后需采取何种处理方式以减小对原有热平衡的干扰？"
"HD046","JTG 3370.1-2018","direct","3.4.2","185","根据JTG 3370.1-2018，在偏远山区修建隧道且缺乏隧址区气象资料时，应在哪些位置设立气象观测点（站）？其设立目的包括哪两方面？"
"HD047","JTG 3370.1-2018","direct","3.6.5","20","根据JTG 3370.1-2018，当缺乏试验数据且未进行初步分级时，各级岩质围岩的物理力学参数应如何确定？"
"HD048","JTG 3370.1-2018","direct","13.3.7","237","依据JTG 3370.1-2018，当预测隧道内涌水量较大时，设计应如何处理洞内中心水沟与路侧边沟的断面？"
"HD049","JTG 3370.1-2018","table","4.3.1","22","依据JTG 3370.1-2018，当隧道采用不设超高的圆曲线且路拱横坡为≤2.0%时，设计速度为80km/h对应的最小圆曲线半径应为多少？"
"HD050","JTG 3370.1-2018","direct","5.1.10","31","根据JTG 3370.1-2018，隧道内可选用的防水材料包括哪些类型？"
"HD051","JTG 3370.1-2018","formula","6.2.2","202","根据《公路隧道设计规范 第一册 土建工程》（JTG 3370.1-2018），在采用式（6.2.2-2）计算深埋隧道松散荷载时，若缺乏BQ或［BQ］值，应如何确定围岩级别S？若已有BQ或［BQ］值，又应如何处理围岩级别以反映荷载随岩体基本质量指标的连续变化？"
"HD052","JTG 3370.1-2018","direct","12.3.6","251","依据JTG 3370.1-2018，有轨提升斜井设置避车洞的主要用途是什么？当斜井倾角大于15°且为有轨运输时，对休息平台的设置有何要求？无轨运输单车道长斜井应采取何种措施以满足错车需求？"
"HD053","JTG 3370.1-2018","numeric","18.3.2","286","根据JTG 3370.1-2018，一般情况下，主要放置电力电缆的电缆沟最小尺寸应为多少？同时，当电缆在隧道内进行平面或竖向转变过渡时，其弯曲半径、转折角及转折长度分别有何限制要求？"
"HD054","JTG 3370.1-2018","direct","14.2.2","263","根据JTG 3370.1-2018，膨胀性围岩中隧道支护应遵循哪三项基本原则？其中关于二次衬砌施作时机的要求是什么？"
"HD055","JTG 3370.1-2018","direct","8.4.1","221","根据JTG 3370.1-2018，复合式衬砌由哪些组成部分构成？该结构形式在我国公路隧道中的应用范围及技术特点如何？"
"HD056","JTG 3370.1-2018","direct","14.8.4","269","根据JTG 3370.1-2018，高地应力区隧道软岩大变形破坏的主要成因是什么？为有效控制围岩变形、维护围岩稳定，应采取哪些针对性的支护策略？"
"HD057","JTG 3370.1-2018","direct","6.1.2","40","依据JTG 3370.1-2018，确定隧道围岩压力时应综合考虑哪些因素？当施工或量测结果与原定计算不符时应如何处理？"
"HC001","JTG-T 3660-2020","direct","9.2.4","68","根据JTG-T 3660-2020，喷射混凝土施工推荐采用何种工艺？该工艺在粉尘控制、密实度及质量控制方面有何特点？"
"HC002","JTG-T 3660-2020","direct","9.1.2","65","根据《公路隧道施工技术规范》（JTG/T 3660—2020），隧道喷锚支护应在开挖后何时施作？"
"HC003","JTG-T 3660-2020","direct","2.0.5","11","根据JTG-T 3660-2020，护拱在隧道衬砌浇筑完成后、拱背空洞较大时的作用是什么？"
"HC004","JTG-T 3660-2020","direct","15.3.1","148","根据JTG-T 3660-2020，当隧道掌子面自稳性差、开挖可能坍塌或拱顶掉块时，可采取哪些措施稳定掌子面？"
"HC005","JTG-T 3660-2020","direct","6.1.1","38","根据JTG-T 3660-2020，洞口开挖和进洞施工在何种气象条件下应尽量避免？若无法避开，应采取什么措施？"
"HC006","JTG-T 3660-2020","direct","11.1.9","108","根据JTG-T 3660-2020，隧道施工期间在掌子面、边墙基坑及仰拱基坑等低洼部位，为保障作业安全与质量，应如何配置抽排水设施？"
"HC007","JTG-T 3660-2020","direct","9.1.1","65","根据JTG-T 3660-2020，支护与衬砌在隧道工程中应满足哪些基本功能要求？"
"HC008","JTG-T 3660-2020","table","18.3.2","193","依据JTG-T 3660-2020，当需监测衬砌钢筋应力时，可选用哪些元器件？"
"HC009","JTG-T 3660-2020","table","11.4.8","120","依据JTG-T 3660-2020，中埋式止水带安装时，对‘偏离衬砌轴线’这一检查项目的施工控制值、检验频率及检验方法分别是什么？"
"HC010","JTG-T 3660-2020","direct","18.5.1","198","依据JTG-T 3660-2020，针对隧道施工影响范围内的周边建（构）筑物，应如何开展监测工作？"
"HC011","JTG-T 3660-2020","direct","9.1.3","65","依据JTG-T 3660-2020，隧道衬砌施工中对中线与高程的控制应满足哪些基本要求，以避免影响结构安全与净空？"
"HC012","JTG-T 3660-2020","direct","17.1.2","179","依据JTG-T 3660-2020，隧道改扩建工程施工前需对哪些方面开展调查与核实？请列出全部核查内容范围。"
"HC013","JTG-T 3660-2020","direct","16.8.4","171","依据《公路隧道施工技术规范》（JTG/T 3660—2020），沙层隧道仰拱施工应采取哪些关键措施以抑制流沙并防止支护结构破坏？"
"HC014","JTG-T 3660-2020","direct","9.8.9","95","依据JTG-T 3660-2020，在衬砌钢筋安装过程中应采取何种措施以保障钢筋保护层厚度及受力有效性？"
"HC015","JTG-T 3660-2020","direct","9.3.9","76","依据JTG-T 3660-2020，锚杆垫板与喷射混凝土层之间存在间隙时，应采用何种材料进行填实？"
"HC016","JTG-T 3660-2020","table","9.6.11","86","依据JTG-T 3660-2020，混凝土拌和物中水泥与掺合料的每盘计量允许偏差应为多少？"
"HC017","JTG-T 3660-2020","table","7.2.1","45","依据JTG-T 3660-2020，对于双车道隧道，在Ⅴ级围岩条件下可选用哪些开挖方法？请列出所有适用的开挖方法名称。"
"HC018","JTG-T 3660-2020","direct","11.2.2","108","根据JTG-T 3660-2020，隧道开挖前对影响施工和运营的地表水应采取哪些处理措施？请列出具体处理对象及对应措施要求。"
"HC019","JTG-T 3660-2020","direct","7.1.7","45","根据JTG-T 3660-2020，隧道工程中爆破作业及爆破物品管理应符合哪些现行规范的要求？"
"HC020","JTG-T 3660-2020","direct","17.1.3","179","依据JTG-T 3660-2020，隧道改扩建工程施工时，为减小对既有建（构）筑物和设施的影响，应采取哪些措施？"
"HC021","JTG-T 3660-2020","table","18.1.7","184","依据JTG-T 3660-2020，隧道现场监控量测选测项目中，围岩内部位移（洞内设点）的测试精度及量测间隔时间应如何规定？"
"HC022","JTG-T 3660-2020","direct","16.10.1","174","依据JTG-T 3660-2020，膨胀岩土隧道施工方法的确定应综合考虑哪些因素？"
"HC023","JTG-T 3660-2020","direct","18.3.22","196","依据JTG-T 3660-2020，采用钢筋计监测钢筋应力时，对钢筋计的选型与布置有何具体要求？"
"HC024","JTG-T 3660-2020","direct","11.3.12","117","依据JTG-T 3660-2020，环向止水带的长度应如何确定？纵向止水带确需接头时，连接方法应依据什么确定？"
"HC025","JTG-T 3660-2020","direct","5.3.3","32","依据JTG-T 3660-2020，隧道开挖前应完成哪些测量与标定工作？"
"HC026","JTG-T 3660-2020","direct","15.2.1","144","根据JTG-T 3660-2020，当隧道施工易引发地表下沉、围岩失稳与坍塌或围岩大变形时，可采用哪些围岩加固措施？若单一措施不足以保障围岩稳定与施工安全，应如何处理？"
"HC027","JTG-T 3660-2020","direct","4.1.2","17","依据JTG-T 3660-2020，隧道施工前应完成哪些关键准备工作？"
"HC028","JTG-T 3660-2020","direct","5.4.2","33","依据JTG-T 3660-2020，隧道贯通后，洞内导线、施工中线及高程的实际贯通误差应在何处调整？该调整段长度应如何确定，且其最小推荐长度是多少？"
"HC029","JTG-T 3660-2020","direct","18.1.8","185","依据JTG-T 3660-2020，隧道洞内必测项目测点的初读数应在什么时间范围内取得？"
"HC030","JTG-T 3660-2020","table","5.1.9","25","根据《公路隧道施工技术规范》（JTG/T 3660—2020），二等测量等级下，角度、长度和坐标的数字取位应分别达到什么精度？"
"HC031","JTG-T 3660-2020","direct","14.3.2","140","根据JTG-T 3660-2020，竖井井口的锁口圈应在何时完成？井盖在什么情况下可以打开？"
"HC032","JTG-T 3660-2020","table","6.4.2","42","依据《公路隧道施工技术规范》（JTG/T 3660—2020），洞门端墙和挡土墙模板安装时，对模板表面平整度的质量控制标准中，规定值或允许偏差是多少？检验频率与检验方法分别是什么？"
"HC033","JTG-T 3660-2020","direct","10.2.6","105","依据JTG-T 3660-2020，连拱隧道中墙混凝土施工完成后，对中墙基坑应采取何种处理措施？"
"HC034","JTG-T 3660-2020","multi_condition","16.9.8","174","依据JTG-T 3660-2020，黄土隧道洞门形式推荐采用何种类型？对于湿陷性黄土地基上的隧道洞门，端、翼墙地基应如何处理？若采用换填法，其材料配比、换填深度及施工方式应满足哪些具体要求？"
"HC035","JTG-T 3660-2020","direct","5.1.3","23","根据JTG-T 3660-2020，为避免增加计算工作量和出错风险，投影分带位置应避开隧道的哪个具体部位？"
"HC036","JTG-T 3660-2020","direct","20.0.2","221","根据JTG-T 3660-2020，隧道内路面的材料和施工质量应符合哪些现行规范的规定？"
"HC037","JTG-T 3660-2020","direct","12.2.1","121","根据JTG-T 3660-2020，空气压缩机站的选址应满足哪些基本要求？对于长隧道及特长隧道，其布置方式有何特殊规定？"
"HC038","JTG-T 3660-2020","direct","5.1.5","24","依据JTG-T 3660-2020，对勘测设计用隧道平面和高程控制网桩点，在向施工单位交付时应如何处理遗失或资料与现场不符的情况？"
"HC039","JTG-T 3660-2020","table","6.4.4","42","依据JTG-T 3660-2020，洞门砌体端墙和挡土墙施工中，表面平整度的允许偏差值按材料类型如何规定？"
"HC040","JTG-T 3660-2020","direct","7.3.2","52","依据JTG-T 3660-2020，当采用钢架支撑且围岩变形较大、支撑可能沉落或局部支撑难以拆除时，应如何处理开挖断面与衬砌厚度的关系？"
"HC041","JTG-T 3660-2020","direct","12.4.5","126","依据JTG-T 3660-2020，当单台电动设备容量超过变压器容量的多少比例时，应考虑增加启动附加容量？"
"HC042","JTG-T 3660-2020","table","11.4.2","118","依据JTG-T 3660-2020，洞顶排水沟、截水沟施工中，对断面净空尺寸的允许偏差范围、检验频率及检验方法应如何规定？"
"HC043","JTG-T 3660-2020","direct","16.3.7","159","依据JTG-T 3660-2020，当隧道衬砌结构外存在溶腔时，应采取哪些施工防护措施及配套要求？"
"HC044","JTG-T 3660-2020","table","9.10.1","96","依据JTG-T 3660-2020，喷射混凝土成品厚度的施工控制值应满足哪些具体要求？"
"HC045","JTG-T 3660-2020","direct","11.2.7","110","依据JTG-T 3660-2020，当围岩出现股水出露时，应采取何种处理方式？"
"HC046","JTG-T 3660-2020","direct","15.1.1","144","根据JTG-T 3660-2020，当隧道施工遇到浅埋段、严重偏压地段、围岩自稳性差的地段以及大面积淋水或涌水地段、塌方地段等特殊地层时，应如何处理？"
"HC047","JTG-T 3660-2020","direct","18.5.17","202","依据JTG-T 3660-2020，爆破振动监测中必须监测的物理量是什么？对有特殊要求的情况，还应补充监测哪些参数？"
"HC048","JTG-T 3660-2020","direct","5.1.2","23","根据JTG-T 3660-2020，平面控制网的运算及平差计算应采用何种基准平面？"
"HC049","JTG-T 3660-2020","direct","9.6.6","85","根据JTG-T 3660-2020，模筑混凝土衬砌在哪些特定位置或条件下应设置沉降缝或伸缩缝？"
"HC050","JTG-T 3660-2020","direct","5.5.1","36","根据JTG-T 3660-2020，隧道永久中线点在直线段的设置间距应为多少？其标志形式及后续处理有何要求？"
"HC051","JTG-T 3660-2020","direct","16.10.4","175","依据JTG-T 3660-2020，膨胀岩土隧道开挖后应如何及时支护？在围岩变形较大时可采取何种增强措施？"
"HC052","JTG-T 3660-2020","direct","21.1.1","225","依据JTG-T 3660-2020，当原定洞室及横通道位置的地质条件不适宜时，施工单位应如何处理？"
"HC053","JTG-T 3660-2020","direct","21.2.1","227","依据JTG-T 3660-2020，隧道防火涂料材料的选用与储存运输应满足哪些基本要求？"
"HC054","JTG-T 3660-2020","direct","11.4.4","119","依据JTG-T 3660-2020，隧道衬砌混凝土抗渗性能试验试件的制作与养护要求是什么？其防水质量检验中，每200m衬砌应做多少组试件、每组几个，以及检验方法为何？"
"HC055","JTG-T 3660-2020","table","18.5.3","198","根据JTG-T 3660-2020，对于线路沿线变形特别敏感的超高层建筑、重要古建筑物等对象进行沉降监测时，应采用哪一等级的监测精度？该等级下测点高程误差与相邻测点高程中误差的具体限值是多少？所要求的仪器精度及作业技术标准为何？"
"HC056","JTG-T 3660-2020","direct","5.1.1","23","根据JTG-T 3660-2020，隧道施工测量的平面坐标系和高程系统在一般情况下应如何选择？当测区东西向较长或高程差较大时，应采取何种措施以满足精度要求？"
